id,text,created_at,lang
1968379873711505668,@GeneralpattonS Under the guise of a peace treaty‚Ä¶.sounds like what Ukraine/NATO did to Russia,2025-09-17 18:21:47+00:00,en
1968379870918099241,"@RapidResponse47 @VP Hey Vance, why are grocery prices still high? Why isn‚Äôt there peace in Ukraine and Gaza? Why do I get emails from Trump asking me to invest in crypto?",2025-09-17 18:21:46+00:00,en
1968379532424937871,"King Charles III stepping up for Ukraine peace talks? Diplomatic royal vibes activated. Maybe the crown's not just for show, peace talks might just get a regal glow. https://t.co/vB28Oa6GMV",2025-09-17 18:20:25+00:00,en
1968379483171238003,"OPINION: A European force in postwar Ukraine is an important mission for President Volodymyr Zelenskyy and his people.

It would also provide significant collateral benefits for European defense.
https://t.co/jaiHIcoI9i",2025-09-17 18:20:14+00:00,en
1968379266845770225,"If this is true it‚Äôs a shocker. Kozak is Putin loyalist. Not member of fraction. And real professional. 

He was special envoy to ukraine prewar. Came to Putin early in 2022 with a finished peace plan but Putin rejected it as war goals had widened. 

Bit late to quit now in https://t.co/Y4xU0xHXXS",2025-09-17 18:19:22+00:00,en
1968379234692513858,"@Ales_Kralj14 @PM_ViktorOrban You are really sick in Russo-phrenia, which is not related to individual Russians.
Russian will eliminate NATO's de-facto presence in Ukraine. 
They won't attack insignificant Slovenia, only in the wet fever dreams of the Libseviks. 
If it gives sexual satisfaction, then fine.",2025-09-17 18:19:14+00:00,en
1968378948867514673,"üá©üá™ German Chancellor Merz warns:
Putin is sabotaging, spying, murdering &amp; trying to destabilise the West.
He rejects a dictated peace in Ukraine, clashing with far-right critics.
https://t.co/EyLZGrgtFG
#Germany #Culture

üîπ https://t.co/DujAJ8kHAh
üîπ https://t.co/NPFPYlJliN https://t.co/5qgXYZ9rll",2025-09-17 18:18:06+00:00,en
1968378687348506778,@OKCyberGeek @CommunityNotes What's this about Tesla and Reuters and COVID and the Ukraine-Russia War? You seem to be throwing spaghetti at the wall to see what sticks. None of this has to Donald Trump's terrorist attack. You lack the ability to stay on a single topic.,2025-09-17 18:17:04+00:00,en
1968378674782298538,"üì°üëÄ A radar system was damaged in a drone attack in the Voronezh Region.

AFU drone damaged the antenna of the Sopka-2 radar system, ASTRA has discovered. This occurred near the village of Garmashevka, more than 170 km from the border with Ukraine. https://t.co/McvkG4lVqV",2025-09-17 18:17:01+00:00,en
1968378475653513672,"2. 74% of Ukrainians support the Europe-Ukraine peace proposal (frontline freeze, security guarantees). Even if not everything is a victory, most would accept it",2025-09-17 18:16:13+00:00,en
1968378336335290825,"@LindseyGrahamSC @RepMcCaul McCaul‚Äôs retirement ends a career of prioritizing foreign aid over domestic security. His 21st Century Peace through Strength Act shoveled billions into Ukraine while our own border remained underfunded. Soft power? Try soft priorities.

Real strength starts at home‚Äîsecure",2025-09-17 18:15:40+00:00,en
1968378260372472251,@angelshalagina Why? Why should the west care about Ukraine? Russia conducts a humanitairen peace keeping mission. Protecting hte people against #NATO.,2025-09-17 18:15:22+00:00,en
1968378072501309602,"The New York Times previously reported that Kozak ""disappointed"" Putin by not openly (though not publicly) supporting the war in Ukraine. 

Kozak dissuaded Putin from starting the war and proposed starting negotiations with Kyiv in 2025, as well as implementing reforms in Russia.",2025-09-17 18:14:37+00:00,en
1968377838295466191,"Here's my uber Conservative side coming out.

Why would anyone disagree with strapping every adult member of this family down and giving them free sterilizations? ‚úÇÔ∏è

https://t.co/5SkDyCQnpm",2025-09-17 18:13:41+00:00,en
1968377798831321527,"@narendramodi Maybe India could make a contribution towards a peaceful resolution of the Ukraine conflict (aka Russia's illegal invasion and occupation of a sovereign Ukraine) by calling on Russia to agree to &amp; observe a ceasefire in Ukraine, including stopping aerial attacks on üá∫üá¶ cities.",2025-09-17 18:13:32+00:00,en
1968377681873154417,"Zelensky: ""To fight for a whole year, we need $120 billion: $60 billion - the budget of Ukraine, another $60 billion - I need to find for 2026.""

""Putin will attack our energy and railway infrastructure: we expect strikes."" https://t.co/lsSKtHPghC",2025-09-17 18:13:04+00:00,en
1968377449697452287,"Every Nation in EU need one Orban: 
‚ÄîMigrants break in
‚ÄîForm Parallel societies
‚ÄîChristian traditions vanish
‚ÄîEU economy falls behind

Hungary follows its OWN PATH: 
‚ÄîProtect sovereignty
‚ÄîNo money to Ukraine
‚ÄîRemain haven of peace

We won't pay for wars that are NOT ours, he adds https://t.co/lQcUT6aznH",2025-09-17 18:12:09+00:00,en
1968377314959401097,"‚Ä¶‚ÄúI‚Äôm sick of Trump and JD and their love affair with everything Putin,‚Äùthe senator grumbled‚Ä¶

The Republican lawmaker said Russia‚Äôs massive drone and missile attack against Ukraine last week, the biggest aerial barrage of the three-and-a-half-year war‚Ä¶ https://t.co/vmZZTzccUX",2025-09-17 18:11:37+00:00,en
1968377304914297209,"@EP_President @Europarl_EN @RobertaMetsola @Europarl_UA @r_stefanchuk @verkhovna_rada @ua_parliament 11 years, 6 months and 25 days since the coup in Ukraine and the attack of the own people

You always stand on the wrong side",2025-09-17 18:11:34+00:00,en
1968376979322986541,"BREAKING

RUSSIAN FM Lavrov says there is 'NO PLACE' for the EU in Ukraine peace talks

ZAMBIA has IMPRISONED two individuals for 'WITCHCRAFT' plot to KILL PRESIDENT

KAZAKHSTAN has introduced new law CRIMINALIZING FORCED MARRIAGE with up to 10 YEARS in prison https://t.co/XfkfELHAZk",2025-09-17 18:10:17+00:00,en
1968376891611693268,"@Gerashchenko_en Lavrov is right. Russia conducts a humanitarian peace keeping mision and should go in all way. Why are not all Ukraine POW's shot in the back, or fully processed for the information. May #Ruaais soon Winn!",2025-09-17 18:09:56+00:00,en
1968376823777010144,"@MyLordBebo Yes, i thought there would be a Ukraine link.  Charlie kirk wanted peace.",2025-09-17 18:09:40+00:00,en
1968376630977642613,"The EU offices in Ukraine are up and running.

Three weeks from the missile attack that claimed 23 lives and hit the EU building in Kyiv, I'm here to thank all our staff for their courage, commitment and resolve.

Europe will keep standing firm and resolute with Ukraine üá™üá∫üá∫üá¶ https://t.co/nNT4XVdxR4",2025-09-17 18:08:54+00:00,en
1968376381726933359,"@touchlineins @AFC_Oladipo @TouchlineX @UHN_Plus @palestine If they call something war they will kill innocent also 
It's better for your country to go away from war  and make peace 
Look at Russia Ukraine both have killed  a lot of people told  your president  not involved in war",2025-09-17 18:07:54+00:00,en
1968376267709010307,@OlenaRohoza Only solution forUkrainian  live in peace with everybody or  in few years will be no more Ukraine,2025-09-17 18:07:27+00:00,en
1968375977861595421,"@astraiaintel You do know that Napoleon was destroyed after starting a war with Russia right?
Just like Ukraine and NATO are being destroyed after starting this war. 
Accept peace while you still have a country left.",2025-09-17 18:06:18+00:00,en
1968375831430119675,"The president @realDonaldTrump recently said that he believed he could earn a place in Heaven for bringing peace between Ukraine and Russia. Is that how we get to Heaven? #BibleStudy 
https://t.co/WuYT0WUba4",2025-09-17 18:05:43+00:00,en
1968375492496736345,"@AnnaFromUA_YT Well that's, another, economic terrorism act by #Ukraine after blowing up #Nordsteam. So Russia should react appropriate. Like ensure winning its humanitarian peace mission in #Ukraine and let many Nazi's go back to Kyiv in a body bag!",2025-09-17 18:04:22+00:00,en
1968374915658301646,"@Mylovanov Russia does not want to erase Ukraine as a state and nation - but it will if the West needs to smarten up.

If the West was wise and innovative, it would humble Ukraine‚Äôs ultra-nationalists and host a continental conference to establish a European peace, security, and prosperity",2025-09-17 18:02:05+00:00,en
1968374689870528730,"@Matthew90226312 @GeertJeelof @astraiaintel if the Ukrainian propaganda is huge then russia's propaganda is how ?

russia (Lavrov) said a few days that they won't attack, they do not want war and the West is lying that russia will invade

leave Ukraine so that the 'Ukrainian propaganda' won't exist anymore",2025-09-17 18:01:11+00:00,en
1968374532684792318,@justyoung01 @redeemed_zoomer Using all that freedom and liberty to attack the very core of our freedom and liberty. I hear the Russia/Ukraine border is nice this time of year. https://t.co/bHtmzM74BN,2025-09-17 18:00:33+00:00,en
1968374398756311470,"Trump calls PM Modi to wish on his 75th birthday, praises his peace efforts on Ukraine and signals improvement in US-India relations

https://t.co/dVPouK9YGJ",2025-09-17 18:00:01+00:00,en
1968374257857319299,"@Alex_Oloyede2 1/2
Ukraine is not Russia, understanding this, we know that it is the Russian fascists who are occupying forces, and no, there is nothing legitimate about what the Russian dictatorship is doing in Ukraine.
Ukraine lived in peace until Russia started this conflict in 2014. https://t.co/Ccj5qgyuWd",2025-09-17 17:59:28+00:00,en
1968374200797905196,"The U.S. and friends aren't demanding a ceasefire now, after refusing to even to talk to Russia for over 3 years, because they are suddenly interested in peace

They're doing it, because their proxy army in Ukraine is coming closer to collapse, and it's getting harder to hide it",2025-09-17 17:59:14+00:00,en
1968374101279752435,"@RT_com Imagine not having a phone. You wouldn‚Äôt know who Charlie Kirk was or that he died. Or Epstein, trump, Biden, Ukraine etc. Want peace? Put your phone away",2025-09-17 17:58:51+00:00,en
1968374059982536882,"@LibDems @EdwardJDavey Ed Davey does very little other than criticise.  What are his solutions for Gaza and Ukraine.  All he does is condemn President Trump who is trying to achieve peace rather than war
üá¨üáßüè¥Û†ÅßÛ†Å¢Û†Å•Û†ÅÆÛ†ÅßÛ†Åøüè¥Û†ÅßÛ†Å¢Û†Å≥Û†Å£Û†Å¥Û†Åøüè¥Û†ÅßÛ†Å¢Û†Å∑Û†Å¨Û†Å≥Û†Åø",2025-09-17 17:58:41+00:00,en
1968374033843638732,"PM Modi thanks 'friend' Trump for birthday greetings, backs US peace efforts in Ukraine
https://t.co/2vY3TvuMRc

via NaMo App https://t.co/alWxzMl8gL",2025-09-17 17:58:34+00:00,en
1968373968060215359,"PM Modi thanks 'friend' Trump for birthday greetings, backs US peace efforts in Ukraine
https://t.co/2vY3TvuMRc

via NaMo App https://t.co/icwj1Ie7IM",2025-09-17 17:58:19+00:00,en
1968373895326757280,@anders_aslund Ukraine aims to cripple the Russian oil and gas industries. Conceivably this could induce political forces in Russia to topple Putin and negotiate peace. But in the long term Russians have an imperial idea of themselves. So it is essential to invest in Ukrainian   democracy.,2025-09-17 17:58:01+00:00,en
1968373838368145499,@oroborous @Svyrydenko_Y @DFCgov It's 50/50 Ukraine had to negotiate hard as the US originally wanted a 70/30 split in there favour. Thankfully negotiations ended well,2025-09-17 17:57:48+00:00,en
1968373736949915766,"@wartranslated The problem is that in Trump's case, ""end the Russia-Ukraine war,"" means rewarding Putin with Ukrainian territory and demanding a Nobel Peace prize for doing so.",2025-09-17 17:57:24+00:00,en
1968373708093034837,"@narendramodi If you support PEACE between Russian &amp; Ukraine, then IMMEDIATELY STOP your purchasing of oil &amp; LNG from Russia. 

Narendra Modi, you have much blame today for WHY the war is still ongoing.  Halting imports would hurt Russia (potentially shortening the war by months via economic",2025-09-17 17:57:17+00:00,en
1968373582427562335,"PM Modi thanks Putin for birthday wishes &amp; reaffirms India‚Äôs commitment to Ukraine peace through dialogue &amp; diplomacy. üåèü§ù
Read: https://t.co/JHaxNpGGD6

#PMModi #Putin #IndiaRussia #UkrainePeace #GlobalDiplomacy #ConflictResolution #WorldPeace #IndiaSupportsPeace #Trending",2025-09-17 17:56:47+00:00,en
1968373437812064721,"According to MFA spokesman Tykhyi, there is a list of countries ready to host peace talks between Ukraine and Russia.

üá¶üáπ Austria
üá∏üá¶ Saudi Arabia 
üá¶üá™ UAE
üáªüá¶ Vatican
üá∂üá¶ Qatar
üá®üá≠ Switzerland
üáπüá∑ Turkiye https://t.co/iE1MBfXsUJ",2025-09-17 17:56:12+00:00,en
1968372922567004376,"@OCMediaorg They draw lessons from Ukraine. They must strengthen defense to achieve peace, otherwise Russia and Iran will drag them back into conflict like the past 30 years.",2025-09-17 17:54:09+00:00,en
1968372907568153050,Pray for Israel and Ukraine and India and for Peace on Earth like a Virgin üåçüåéüåèüôèüáÆüá±üá∫üá¶üáÆüá≥ü•∞ https://t.co/M1z1SHwrJR,2025-09-17 17:54:06+00:00,en
1968372735048040914,"@NeilPHauer They draw lessons from Ukraine. They must strengthen defense to achieve peace, otherwise Russia and Iran will drag them back into conflict like the past 30 years.",2025-09-17 17:53:25+00:00,en
1968372684087267774,"@SylvettePK @InevitableChina @Rightanglenews she is a poster child for black on white crime and just white, doesnt matter she was refugee from the Ukraine anymore even. As it shined a glaring light on how these people are just as incompatible as islam is to western civilization and peace.",2025-09-17 17:53:13+00:00,en
1968372658988531826,"@Maks_NAFO_FELLA While there are still Nazi-Ruzzian sympathizers in Western politics, who believed that they can negotiate with Putin!
https://t.co/i52PzatIaU",2025-09-17 17:53:07+00:00,en
1968372451777331480,"@WustyleZen @Alex_Oloyede2 Ukraine lived in peace until the Russian regime started this conflict in 2014, it's the only reason there's a war.",2025-09-17 17:52:17+00:00,en
1968385122648080511,@ZelenskyyUa @ZelenskaUA @AndriyYermak @DefenceU @CinC_AFU @TDF_UA @DI_Ukraine @ChiefDI_Ukraine @ServiceSsu @azov_media @196_MINATURE @kimyoungmiunnie @Iyo_SkyWWE @WWEAsuka @namgrah @nammonjoside @BABYMETAL_JAPAN @JpNakamoto @KAIRI_official @sacrifichor @0929_hazuki @n_poi07 @SOF_UKR @yoonisakkk @saya_h_a_t_e @daughterscorn @CutlassPrincess @StarLight_Kid11 @DefenceHQ @MinaShirakawa @giulia0221g @vonderleyen @Svyrydenko_Y @kajakallas @NATO @suzuki_1231su @UA_NAVY @ng_ukraine @KpsZSU @SESU_UA @armyinformcomua @jihoo_oo @jiho_hamkke @SEMIPLAYER380 @chocoyihyun @sooeunsu @jhiupark @KOMAKISDESHI @COBRAMOTHER @ofthevoyevoda Russia attack Romania before go ask them,2025-09-17 18:42:38+00:00,en
1968385115597545943,"@haleew2020 @Tim418385956391 @SunnyWa32126709 @DANewsUK @CTVNews @VassyKapelos @CBC @globalnews @RobertFife @liberal_party @CommrRCMPGRC @CTV_PowerPlay @yfblanchet @CPC_HQ @RosieBarton @CBCMorningLive @NDP @MarkJCarney @UN @aartipole @CDCgov @DavidMcGuinty @CPHO_Canada @PierrePoilievre @dimitrilascaris @EnglerYves @SecGenNATO @_FriedrichMerz @Panchenko_X @antonioguterres @David_Speers @abcnews @EvaVlaar @rafaelmgrossi Officer on deck! COL. Lawrence Wilkerson on the Middle East, Ukraine &amp; the NeoCon plan to attack China!
Cdnpoli polCan Auspol EUpol NZpol USpoli PnPCBC UKpolitics SKpoli CTVPP
https://t.co/y7jhtTBOmI",2025-09-17 18:42:37+00:00,en
1968385096567898428,First time we have sent observers since before the Ukraine War began. There is a little light at the end of the tunnel. Maybe the all-new Estonian moats along the border can be used for fish farming? Peace. https://t.co/ozNocgb87z,2025-09-17 18:42:32+00:00,en
1968385036899729512,"@miriwood @ToomikesCol @DogsareLoyal1s @Tweet4USA123 @MalatestaCarina @408magenta @veradubs @DJSiri @Harry71A @BrianJBerletic @UN @DanielDumbrill @OPCW @RandPaul @TruNews @jimmy_dore @natalimorris @ClaytonMorris @antonioguterres @wikileaks @Snowden @EUCouncil @geraldcelente @realDonaldTrump @KremlinRussia_E @AgelicaKim2014 @ChristineEliaz @USGOVIgnorance @TulsiGabbard @RachBlevins @LeeCamp @TheResident @marcorubio @CosmanEmilSSTJ @JDVance @Judgenap @LenaPetrovaOnX @Panchenko_X @iaeaorg @AXChristoforou @kthalps @LibertarianInst @SebastianSas_YT @abcnews @EvaVlaar @SecGenNATO @rafaelmgrossi @liberal_party Officer on deck! COL. Lawrence Wilkerson on the Middle East, Ukraine &amp; the NeoCon plan to attack China!
Cdnpoli polCan Auspol EUpol NZpol USpoli PnPCBC UKpolitics SKpoli CTVPP
https://t.co/y7jhtTBOmI",2025-09-17 18:42:18+00:00,en
1968384958080356823,"@hala13alassad @VatnikLobo91 @Partisangirl @UKSyriaRep @caitoz @VanessaBeeley @brit @LindseySnell @markcurtis30 @chenweihua @richimedhurst @wilde_katherine @jorymicah @dufrianord @KevorkAlmassian @Know_More_News @LucasGageX @_skobee_ @AHistoryRhyme @ChiefTrumpster @campbellclaret @RoryStewartUK @AnnelieseDodds @LauraPidcock @WifeElleSF @Dustiguminsky @Kanthan2030 @davincentjames @SpoxCHN_MaoNing @timand2037 @alessabocchi @DrLoupis__ @Jingjing_Li @alibinmasoad @iainoverton @NortonTaylor @pmillerinfo @_whitneywebb @KimIversenShow @wmhuo168 @RNicholasBurns @LenaPetrovaOnX @CarlZha @tamtima @NiMingDa_888 @vonderleyen @EvaVlaar @SecGenNATO @antonioguterres @UN Officer on deck! COL. Lawrence Wilkerson on the Middle East, Ukraine &amp; the NeoCon plan to attack China!
Cdnpoli polCan Auspol EUpol NZpol USpoli PnPCBC UKpolitics SKpoli CTVPP
https://t.co/y7jhtTBOmI",2025-09-17 18:41:59+00:00,en
1968384803302252869,@st_trooper @ZelenskyyUa How's this? An article from The Moscow Times: https://t.co/aFMR70WKO0,2025-09-17 18:41:22+00:00,en
1968384787028259284,@ZelenskyyUa @ZelenskaUA @AndriyYermak @DefenceU @CinC_AFU @TDF_UA @DI_Ukraine @ChiefDI_Ukraine @ServiceSsu @azov_media @196_MINATURE @kimyoungmiunnie @Iyo_SkyWWE @WWEAsuka @namgrah @nammonjoside @BABYMETAL_JAPAN @JpNakamoto @KAIRI_official @sacrifichor @0929_hazuki @n_poi07 @SOF_UKR @yoonisakkk @saya_h_a_t_e @daughterscorn @CutlassPrincess @StarLight_Kid11 @DefenceHQ @MinaShirakawa @giulia0221g @vonderleyen @Svyrydenko_Y @kajakallas @NATO @suzuki_1231su @UA_NAVY @ng_ukraine @KpsZSU @SESU_UA @armyinformcomua @jihoo_oo @jiho_hamkke @SEMIPLAYER380 @chocoyihyun @sooeunsu @jhiupark @KOMAKISDESHI @COBRAMOTHER @ofthevoyevoda Russia attack Poland from Belarus border ask üá±üáπüá≤üá© Russia did them before you go ask them,2025-09-17 18:41:18+00:00,en
1968384744867197387,"@kajakallas It's mindless to treat Izrael in the same manner as terrorists. That's like Ukraine stop fighting, we want peace.
Will you stop sending money and aid to the terrorists too?",2025-09-17 18:41:08+00:00,en
1968384607675650213,"Zelensky Picks A Fight With POLAND As Russia Advances In KUPIANSK!

  Zelensky has stated that Poland is unprepared in the event of a large scale Russian attack. 
       He has made these accusations after the Polish Foreign Minister Radoslaw Sikorski has implied that Ukraine is https://t.co/68DtaIBGOc",2025-09-17 18:40:35+00:00,en
1968384484161814812,@ZelenskyyUa @ZelenskaUA @AndriyYermak @DefenceU @CinC_AFU @TDF_UA @DI_Ukraine @ChiefDI_Ukraine @ServiceSsu @azov_media @196_MINATURE @kimyoungmiunnie @Iyo_SkyWWE @WWEAsuka @namgrah @nammonjoside @BABYMETAL_JAPAN @JpNakamoto @KAIRI_official @sacrifichor @0929_hazuki @n_poi07 @SOF_UKR @yoonisakkk @saya_h_a_t_e @daughterscorn @CutlassPrincess @StarLight_Kid11 @DefenceHQ @MinaShirakawa @giulia0221g @vonderleyen @Svyrydenko_Y @kajakallas @NATO @suzuki_1231su @UA_NAVY @ng_ukraine @KpsZSU @SESU_UA @armyinformcomua @jihoo_oo @jiho_hamkke @SEMIPLAYER380 @chocoyihyun @sooeunsu @jhiupark @KOMAKISDESHI @COBRAMOTHER @ofthevoyevoda https://t.co/VXBRE39sib don't listen journalist bull shit we never attack Poland it was Russia from Belarus border Iran drones strikes listen to us intelligence side üá∫üá¶ Russia attack Poland Russia attack Poland Russia attack Poland Russia attack Poland  Russia attack Poland,2025-09-17 18:40:06+00:00,en
1968384294512128102,@mapleblooded I didn't realize there was peace in Ukraine.  There is no restructuring no rebuilding until the war ends!,2025-09-17 18:39:21+00:00,en
1968384270059372803,"Ukraine to acquire US weapons through $3.5 billion fund , more details : https://t.co/SYavuX6lCT
Well that should contribute to peace negotiations. 
Feed that Military Corporate Industrial Complex Trumpster boy .
@KimIversenShow @reallygraceful @RealCandaceO",2025-09-17 18:39:15+00:00,en
1968384157303861488,"@GenericJes @ChanceWmsToday @NOELreports Two weeks later they were sitting at the negotiations table working out a nearly finished deal where Ukraine kept all their territory (except Crimea). Then the west interfered. Promising Ukraine all kinds of nice goodies. So from that moment on, Zelenski choose to fight that war.",2025-09-17 18:38:48+00:00,en
1968384110340292943,"It‚Äôs like our country is under attack, possibly by a lone gunman sitting in jail‚Ä¶or  combined forces still at large. And, our Prez is on another continent, entertained by the Royals?? Celebrating what; the loss of freedom in Britain‚Ä¶Ukraine$$$Or Globalist plot to destroy USA??",2025-09-17 18:38:37+00:00,en
1968384033899090326,"Hi Fellas! Please stay on task and do not get pulled into infighting and drama! Visibility is bad enough. We don‚Äôt need to attack each other. 

I know many of us are frustrated, but take a moment, breathe, and refocus on Ukraine! https://t.co/rvphdfJANZ",2025-09-17 18:38:19+00:00,en
1968383895566757978,"@latimes Where is the global outrage at Russia for invading Ukraine, killing hundreds of thousands of civilians?
Where is the global outage at China for imprisoning a million Uyghurs in Concentration Camps, harvesting their organs?.
Where is the outrage for Hamas Oct 7 attack on Isreal? https://t.co/vFwpDfrmpd",2025-09-17 18:37:46+00:00,en
1968383854991000001,@ukrainiansquad Ukraine with Zelenskyy is the biggest threat  to WORLD PEACE!,2025-09-17 18:37:36+00:00,en
1968383636434231685,"Ukraine‚Äôs sovereignty is non-negotiable.  We fight not just for land, but for justice that Russian moscovia owes us for every stolen breath and broken life.  The only true peace comes when moscovia pays its debt and our land is whole again.",2025-09-17 18:36:44+00:00,en
1968383612627378318,"#USA WANTS WAR 
#Merz  WANTS WAR 
He promised that ""after Ukraine's capitulation, Russia will attack Europe"":
‚ÄúCapitulation will only push Putin to search for his next target. (??) Ladies and gentlemen, in recent days we have witnessed violations of Polish and Romanian airspace. https://t.co/agZwBkFak4",2025-09-17 18:36:38+00:00,en
1968383464274567667,"A man opened fire on a Romanian, mistakenly taking him for a Ukrainian, in a shopping center in Wroc≈Çaw, ‚Äî Wyborcza

During the attack, he also beat the victim, shouting that he had no right to live in Poland and should return to Ukraine.

It is currently known that the shooter https://t.co/kR97i3ZpEX",2025-09-17 18:36:03+00:00,en
1968383417730613551,@sashafrp @Defence_Index I don‚Äôt want to attack I want Russia to stop illegally invading Ukraine. Not worried about Serbia or Venezuela because they‚Äôre harmless.,2025-09-17 18:35:52+00:00,en
1968382739557523630,"Trump has ended up in a diplomatic dead end

Donald Trump believed that, with his style, his relations and his determination to press both sides, he could bring peace in Ukraine. He tried. But now it seems that he has given up, and on the battlefield the war is now raging at even https://t.co/CZM9SIwHLI",2025-09-17 18:33:10+00:00,en
1968382665544941776,"#USA WANTS WAR 
#Merz  WANTS WAR 
He promised that ""after Ukraine's capitulation, Russia will attack Europe"":
‚ÄúCapitulation will only push Putin to search for his next target. (??) Ladies and gentlemen, in recent days we have witnessed violations of Polish and Romanian airspace. https://t.co/JZiTjRrQSJ",2025-09-17 18:32:52+00:00,en
1968382551619412131,"@secretsqrl123 The muddy terrain of autumn is approaching. If Ukraine is planning an attack, it will not take place until winter is well settled in.",2025-09-17 18:32:25+00:00,en
1968382234999869540,@ZelenskyyUa The only country who can provide and assuring peace and security guaranties for Ukraine is... Russia. No kidding.,2025-09-17 18:31:10+00:00,en
1968382036936389097,@jackknopf4024 @Damaan4u33 Brokered what peace deals ? As for Ukraine/Russia  hes already stated hes stopping aid to Ukraine . He is a fucking traitor and the only way he gets peace is by cutting off the aid and letting Putin get what he wants . He is Putins Puppet and your delusiona,2025-09-17 18:30:23+00:00,en
1968381957714403557,@mobbs_mentality It's Zelensky whore. Nothing good for Ukraine. Just war to last Ukrainian. Fuck off from Ukraine democrats. Peace of shit.,2025-09-17 18:30:04+00:00,en
1968381943785078942,"The #Alaska summit ended without a #ceasefire or a binding #peacedeal, with both #leaders underlining that ‚Äúthere‚Äôs no deal until there‚Äôs a deal‚Äù on #Ukraine war: Harsh V. Pant https://t.co/eDqsHYeeRD",2025-09-17 18:30:00+00:00,en
1968381417173192942,Opinion: ‚ÄòThere is no way to achieve peace in Ukraine that compels our stalwart ally to cede territory to Russia.‚Äô Letters to the editor for Sept. 17 - The Globe and Mail. Furey is a idiot who like  idol Trudeau made ridiculous statements! Minsk accord üòÄ https://t.co/QhWJ4mZANK,2025-09-17 18:27:55+00:00,en
1968381235056783521,"@GilangPutr16738 @MollyS51523779 @Relaxinginhouse @AMK_Mapping_ Russia does not agree to any deals, neither US nor Ukraine. Because they want the land, not peace https://t.co/d7daHFtLDw",2025-09-17 18:27:11+00:00,en
1968381155797057804,@MyLordBebo Aaaand when this Children look at the whole war and not only the parts Zelensky wants them to see... they will ask the question... WHY IN THE HELL... did Ukraine not accept the first negotiations in Istanbul were they could have kept all of Donbas without any deaths... https://t.co/SW6dZSfwnI,2025-09-17 18:26:52+00:00,en
1968381072380674063,"@AhmedShahAzfar @haque_shahidul Any such Ukraine mission depends on whether President Trump can secure a peace deal between Russia and Ukraine. Bangladesh can deploy non-operational, non-combat units, but parliament needs to authorize any combat role.",2025-09-17 18:26:33+00:00,en
1968381058518491508,"üì° A radar system was damaged in a drone attack in the Voronezh Region.

AFU drone damaged the antenna of the Sopka-2 radar system, ASTRA has discovered. This occurred near the village of Garmashevka, more than 170 km from the border with Ukraine.

See the latest updates with https://t.co/U9xiKoD4uX",2025-09-17 18:26:29+00:00,en
1968380814217068839,"@THESWEDISHTRUTH More facts exposing they liars of EU about the NATO, EU enabled false flag attack on Poland.
The fucking Wallenberg oligarchs of Sweden has failed again to enable WW3.
But these assholes still operate out of Ukraine to plan for more false flags for sure. 

https://t.co/SFVaRbJ9e4",2025-09-17 18:25:31+00:00,en
1968380621501460695,"@perteng1 @mtmalinen @ZelenskyyUa You want to say that for Ukraine to achieve peace, it needs to do the same as Finland did in 1944: unite with Russia and turn its weapons against NATO.)",2025-09-17 18:24:45+00:00,en
1968380600894837084,"@THESWEDISHTRUTH More facts exposing they liars of EU about the NATO, EU enabled false flag attack on Poland.
The fucking Wallenberg oligarchs of Sweden has failed again to enable WW3.
But these assholes still operate out of Ukraine to plan for more false flags for sure. 

https://t.co/SFVaRbJ9e4",2025-09-17 18:24:40+00:00,en
1968380594515067113,üé•#WATCH | King Charles welcomed Donald and Melania Trump to Windsor Castle in what analysts call a ‚Äúcharm offensive‚Äù aimed at nudging the U.S. president toward a Ukraine ceasefire. London hopes the royal reception and Charles‚Äôs ties to Zelensky will help push Trump to pressure https://t.co/UIcJij2erz,2025-09-17 18:24:39+00:00,en
1968380419549839654,"@lesliechurch @cafreeland Don‚Äôt forget 
- froze Canadians bank accounts
- almost bankrupted Canada
- cried during trade negotiations 
- carried Ukraine Nazi banner
- honoured an actual Nazi at the HOC",2025-09-17 18:23:57+00:00,en
1968380341879779584,"@leylahamed ‚ÄòRussia‚Äô invaded Ukraine unprovoked to commence an actual genocide. Israel responded to a terror attack by neutralizing the perpetrators &amp; their benefactors. You call this a ‚Äògenocide.‚Äô 

These aren‚Äôt the same things.",2025-09-17 18:23:38+00:00,en
1968380259994321011,"More facts exposing they liars of EU about the NATO, EU enabled false flag attack on Poland.
The fucking Wallenberg oligarchs of Sweden has failed again to enable WW3.
But these assholes still operate out of Ukraine to plan for more false flags for sure. 

https://t.co/SFVaRbJ9e4",2025-09-17 18:23:19+00:00,en
1968380167027572817,"PM Modi thanks 'friend' Trump for birthday greetings, backs US peace efforts in Ukraine
https://t.co/PfJU7a6AyQ

via NaMo App https://t.co/birEMHtmdm",2025-09-17 18:22:57+00:00,en
1968380131648397583,"German Chancellor Merz promised that ""after Ukraine's capitulation, Russia will attack Europe"":

Capitulation will only push Putin to search for his next target. Ladies and gentlemen, in recent days we have witnessed violations of Polish and Romanian airspace. These events fit https://t.co/BrV76J0l8t",2025-09-17 18:22:48+00:00,en
1968390076762833040,legal instruments available could be game changing in the search for peace in Ukraine. Vladimir Vladimirovich has managed to avoid serious negotiations thus far. A new drive masterminded by President Trump with Keir as his right hand man could achieve a breakthrough. One of the,2025-09-17 19:02:19+00:00,en
1968389641947726305,"Whoops, seems Lavrov slipped up again.

He said any Western peacekeeping force in Ukraine would be ""occupation troops""üßê

ü§î If they're INVITED by us, how are they occupiers?
üí° He's admitting russia sees Ukraine as THEIR territory, not ours.
üö´ Clearly not serious about peace. https://t.co/hkQL5jY5lR",2025-09-17 19:00:36+00:00,en
1968389584238080074,"The 1944 Finnish-Soviet armistice is more relevant as a warning than as a model for Ukraine, argues @KristiRaik.
https://t.co/qSw03CGacP",2025-09-17 19:00:22+00:00,en
1968389571625836714,"#UkraineAlert | ""As peace negotiations continue to unfold and Ukraine‚Äôs partners seek a security formula to prevent further Russian aggression, the fight against corruption will fortify Ukrainian sovereignty,"" writes @MatthewHMurray1.

Read more below‚¨áÔ∏è
https://t.co/EBv5iChgi3",2025-09-17 19:00:19+00:00,en
1968389244466119163,@juth Fox News Reporter Feels ‚ÄòDamn Lucky‚Äô After Losing Limbs In Ukraine Attack. Benjamin Hall was injured after his vehicle was hit by in,2025-09-17 18:59:01+00:00,en
1968389127805759656,"@DakdaR22 So, if Russia doesn‚Äôt want to attack NATO members, why is NATO involved in Ukraine?",2025-09-17 18:58:33+00:00,en
1968388772212683173,"Russian distrust of NATO, whether under NATO flag or member nations, makes a European peace force unacceptable unless they choose NATO member nations that nonetheless have good relations with Russia to provide the peace force: namely Hungary and Turkiye https://t.co/WjX1sf8XqP",2025-09-17 18:57:08+00:00,en
1968388731343417706,"@Stepan411560 @pipka6666 @kava220 @asbatura88 Oh no you want to kill those kids? &amp; when did they attack Russia? That's the real factor! Did Ukraine roll tanks into Russia &amp; start kiilling Russians  or wasn't the other way around first with ""sepratist""  the full invasion Stop cooking bullshit videos",2025-09-17 18:56:59+00:00,en
1968387881778692225,@WakeUpPatriott B because I am sure Ukraine will not attack my country.,2025-09-17 18:53:36+00:00,en
1968387805404389490,"I really don't understand people like Rubio, who as a senator was more pro-Ukraine.

I can't see how anyone rational person would give up territory for a false peace, knowing the 400 year history of Russia and Ukraine, including the usurping of the word Rus itself in 1721.",2025-09-17 18:53:18+00:00,en
1968387774731665426,"@ZelenskyyUa PEACEüïäÔ∏è in Ukraineüá∫üá¶ means Peace in EuropeüïäÔ∏è

Europe üá™üá∫ stands with youü§ù Ukraineüá∫üá¶ https://t.co/zupPV6mrvB",2025-09-17 18:53:11+00:00,en
1968387770348716434,"@janine_szokoly @wartranslated Thanks. 

I really don't understand people like Rubio, who as a senator was more pro-Ukraine. 

I can't see how anyone rational person would give up territory for a false peace, knowing the 400 year history of Russia and Ukraine, including the usurping of the word Rus itself in",2025-09-17 18:53:09+00:00,en
1968387386930548945,"@Gerashchenko_en testing ground for sorts of weapons.  Even if the war stop today Ukraine can NEVER recover in 50 years, even if they do those innocent people that have been wasted can never come back to life. This war would have been avoided if the Will was there. Peace was proposed from the",2025-09-17 18:51:38+00:00,en
1968387252867973434,"@gesserit8081266 @VividProwess The two-state solution for the Palestinians is like asking Ukraine to give up Crimea, Donetsk, Luhansk, Kherson, and any other territory Russia demands in exchange for peace!... Of course Ukraine will not accept it, and that is why Palestinians have not accepted the two-state",2025-09-17 18:51:06+00:00,en
1968387057652502897,"@Bubblebathgirl @ZelenskyyUa Russia has signed dozens of treaties on land, borders, and peace with Ukraine, so no one expects them to abide by another one. 
And NATO has no might.",2025-09-17 18:50:20+00:00,en
1968386943915540770,"@Granwithagun Russia does not gain anything from a ceasefire. Every ceasefire Russia has given Ukraine, Ukraine has taken the opportunity to militarize and fortify instead of achieving a long-lasting peace. Strategically, there is no reason for Russia to want a ceasefire, only Ukraine.",2025-09-17 18:49:52+00:00,en
1968386809773109440,"Art of the Day! ""UKRAINE : Peace for Ukraine"". Buy at: https://t.co/3DWMs4l5sp https://t.co/WoYwQbu9Zr",2025-09-17 18:49:20+00:00,en
1968386613462941963,"After World War II, Ukraine did not find peace. Instead, it faced famine, mass repressions, and the destruction of religious and cultural life under Stalin.

üëâ Read our article ‚ÄúAshes of War: Repression and Resistance in Ukraine‚Äù
üîó https://t.co/8qsk6jUEUi https://t.co/wf0LNWhupX",2025-09-17 18:48:34+00:00,en
1968386032791077050,Macron sabotaged the negotiations between Israel and Hamas and Boris Johnson sabotaged the negotiations between the Ukraine and Russia. https://t.co/A3J1X3FhwD,2025-09-17 18:46:15+00:00,en
